Brand Name,Name of the Product,Rating,No. of Ratings,Price,Return/Exchange,Expected Delivery,Availability,Product URL
Visit the Kadence Store,Kadence A281BK Professional Acoustic Rosewood Guitar (Black),-,-,"6,599",Pay on Delivery,"Thursday, 7 September",In stock,https://www.amazon.in/sspa/click?ie=UTF8&spc=MTo1NTg0MDk3ODIzNjIxNjEwOjE2OTM3NTA0MDc6c3BfYXRmOjMwMDAzMTMyOTU5MDczMjo6MDo6&url=%2FKadence-A281BK-Professional-Acoustic-Rosewood%2Fdp%2FB0CD7D6C6R%2Fref%3Dsr_1_1_sspa%3Fkeywords%3Dguitar%26qid%3D1693750407%26sr%3D8-1-spons%26sp_csd%3Dd2lkZ2V0TmFtZT1zcF9hdGY%26psc%3D1
Visit the Kadence Store,"Kadence A281 Professional Acoustic Rosewood guitar (Natural, Beige)",5 out of 5,1 rating,"6,499",Pay on Delivery,"Thursday, 7 September",In stock,https://www.amazon.in/sspa/click?ie=UTF8&spc=MTo1NTg0MDk3ODIzNjIxNjEwOjE2OTM3NTA0MDc6c3BfYXRmOjMwMDAyMjkzODAyNjEzMjo6MDo6&url=%2FKadence-Professional-Acoustic-Rosewood-Natural%2Fdp%2FB0CC927DLN%2Fref%3Dsr_1_2_sspa%3Fkeywords%3Dguitar%26qid%3D1693750407%26sr%3D8-2-spons%26sp_csd%3Dd2lkZ2V0TmFtZT1zcF9hdGY%26psc%3D1
Visit the Kadence Store,"Kadence rosewood Guitar Frontier Series, Electric Acoustic Black Guitar With EQ, Die Cast Keys, Set Of Strings, Strap, Picks And Bag (Black EQ, Electric Acoustic)",4 out of 5,"1,083 ratings","4,999",Pay on Delivery,"Thursday, 7 September",In stock,https://www.amazon.in/sspa/click?ie=UTF8&spc=MTo1NTg0MDk3ODIzNjIxNjEwOjE2OTM3NTA0MDc6c3BfYXRmOjMwMDAxNTUzNzk3OTIzMjo6MDo6&url=%2FKadence-Frontier-Acoustic-Guitar-Strings%2Fdp%2FB078GTJP5Y%2Fref%3Dsr_1_3_sspa%3Fkeywords%3Dguitar%26qid%3D1693750407%26sr%3D8-3-spons%26sp_csd%3Dd2lkZ2V0TmFtZT1zcF9hdGY%26psc%3D1
Visit the Intern Store,"Intern INT-38C Right hand Acoustic Guitar Kit, With Bag, Strings, Pick And Strap, Black, small",4 out of 5,"13,412 ratings","1,899",Pay on Delivery,"Thursday, 7 September",In stock,https://www.amazon.in/sspa/click?ie=UTF8&spc=MTo1NTg0MDk3ODIzNjIxNjEwOjE2OTM3NTA0MDc6c3BfYXRmOjMwMDAwOTQ4OTk3NzczMjo6MDo6&url=%2FIntern-INT-38C-Acoustic-Guitar-Black%2Fdp%2FB073B6TQQY%2Fref%3Dsr_1_4_sspa%3Fkeywords%3Dguitar%26qid%3D1693750407%26sr%3D8-4-spons%26sp_csd%3Dd2lkZ2V0TmFtZT1zcF9hdGY%26psc%3D1
Visit the JUAREZ Store,"Juârez Acoustic Guitar, 38 Inch Cutaway, 038C with Bag, Strings, Pick and Strap, Black",4 out of 5,"20,203 ratings","1,999",Pay on Delivery,"Thursday, 7 September",In stock,https://www.amazon.in/Juarez-Acoustic-Cutaway-038C-Strings/dp/B017NPCSLI/ref=sr_1_5?keywords=guitar&qid=1693750407&sr=8-5
Visit the Intern Store,"Intern INT-38C Right hand Acoustic Guitar Kit, With Bag, Strings, Pick And Strap, Black, small",4 out of 5,"13,412 ratings","1,899",Pay on Delivery,"Thursday, 7 September",In stock,https://www.amazon.in/Intern-INT-38C-Acoustic-Guitar-Black/dp/B073B6TQQY/ref=sr_1_6?keywords=guitar&qid=1693750407&sr=8-6
Brand: Fret Zealot,"Fret Zealot LED Guitar Learning Accessory - EASIEST and BEST Method to Learn To Play a Guitar for All Levels, Best Fit for 25.5"" Scale Length Guitars, IOS Android App included",3.8 out of 5,129 ratings,"74,245",7 days Replacement,23 - 27 September,-,https://www.amazon.in/Fret-Zealot-Guitar-Learning-Accessory/dp/B07GZ4LY88/ref=sr_1_7?keywords=guitar&qid=1693750407&sr=8-7
Visit the YAMAHA Store,"Yamaha F280 Acoustic Rosewood Guitar (Natural, Beige)",4.3 out of 5,"2,621 ratings","7,399",Pay on Delivery,"Thursday, 7 September",In stock,https://www.amazon.in/Yamaha-F280-Acoustic-Guitar-Natural/dp/B08317Y4VP/ref=sr_1_8?keywords=guitar&qid=1693750407&sr=8-8
Visit the Henrix Store,"Henrix 38C 38 Inch Cutaway Acoustic Guitar With Dual Action Truss Rod, Gigbag, Picks, String Set, String Winder, Strap, Polishing Cloth & Ebook - Black",3.8 out of 5,"1,976 ratings","2,999",Pay on Delivery,"Friday, 8 September",In stock,https://www.amazon.in/Henrix-Acoustic-Guitar-Die-cast-Dual-action/dp/B07VNDW6QF/ref=sr_1_9?keywords=guitar&qid=1693750407&sr=8-9
Visit the Intern Store,"Intern 38C Acoustic Steel-string Guitar Premium White Cutaway Design with carry bag, strings, guitar strap and plectrums (INT-38C-WH)",4 out of 5,"13,412 ratings","2,149",Pay on Delivery,"Thursday, 7 September",In stock,https://www.amazon.in/Intern-Acoustic-Steel-string-plectrums-INT-38C-WH/dp/B09LR94Z2X/ref=sr_1_10?keywords=guitar&qid=1693750407&sr=8-10
Visit the JUAREZ Store,"Juarez Lindenwood Acoustic Guitar Kit, 38 Inches Cutaway, 38C With Bag, Strings, Pick And Strap, 3TS Sunburst",4 out of 5,"5,705 ratings","1,999",Pay on Delivery,"Monday, 11 September",In stock,https://www.amazon.in/JUAREZ-JRZ38C-Acoustic-Sunburst-Strings/dp/B01FYYTDTU/ref=sr_1_11?keywords=guitar&qid=1693750407&sr=8-11
Visit the JUAREZ Store,"Juarez Lindenwood Acoustic Guitar Kit, 38 Inches Cutaway, 38C With Bag, Strings, Pick And Strap, TBS Transparent (Blue Sunburst)",4 out of 5,"6,052 ratings","1,999",Pay on Delivery,"Thursday, 7 September",In stock,https://www.amazon.in/JUAREZ-JRZ38C-Acoustic-Sunburst-Strings/dp/B01FYYTDS6/ref=sr_1_12?keywords=guitar&qid=1693750407&sr=8-12
Visit the Intern Store,Intern 38C Ebony Wood Cutaway Design Acoustic Guitar with Picks And Carry Bag (Black),3.9 out of 5,"2,587 ratings","2,089",Pay on Delivery,"Thursday, 7 September",In stock,https://www.amazon.in/Intern-38-inch-Cutaway-Design-Acoustic/dp/B07X4PN85R/ref=sr_1_13?keywords=guitar&qid=1693750407&sr=8-13
Visit the Intern Store,"Intern INT-38C-VT-G 38 Incheses Cutaway Right HAnded lindenwood Acoustic Guitar Kit, With Bag, Strings, Pick And Strap (Violet, 6-Strings)",4 out of 5,"1,685 ratings","2,279",Pay on Delivery,"Thursday, 7 September",In stock,https://www.amazon.in/Intern-INT-38C-VT-G-Guitar-Kit-Violet/dp/B07K8YJXKL/ref=sr_1_14?keywords=guitar&qid=1693750407&sr=8-14
Visit the JUAREZ Store,"Juârez JRZ38C/ZEB 6 Strings Acoustic Guitar 38 Inch Cutaway, Right Handed, Zebrawood with Bag, Strings, Picks and Strap",3.9 out of 5,"5,549 ratings","2,949",Pay on Delivery,"Thursday, 7 September",In stock,https://www.amazon.in/Juarez-Strings-Acoustic-Cutaway-Zebrawood/dp/B072Q9L8DG/ref=sr_1_15?keywords=guitar&qid=1693750407&sr=8-15
Visit the Kadence Store,"Kadence rosewood Guitar Frontier Series, Electric Acoustic Black Guitar With EQ, Die Cast Keys, Set Of Strings, Strap, Picks And Bag (Black EQ, Electric Acoustic)",4 out of 5,"1,083 ratings","4,999",Pay on Delivery,"Thursday, 7 September",In stock,https://www.amazon.in/Kadence-Frontier-Acoustic-Guitar-Strings/dp/B078GTJP5Y/ref=sr_1_16?keywords=guitar&qid=1693750407&sr=8-16
Visit the YAMAHA Store,"Yamaha F280 Acoustic wood Guitar, Tobacco own Sunburst With Bajaao Gig bag",4.4 out of 5,208 ratings,"8,499",Pay on Delivery,"Thursday, 7 September",In stock,https://www.amazon.in/Yamaha-Acoustic-Tobacco-Sunburst-Bajaao/dp/B09PBDGD82/ref=sr_1_17?keywords=guitar&qid=1693750407&sr=8-17
Brand: AUREUS,AUREUS 4 String Acoustic Guitar Musical Instrument Educational Small Guitar for Beginners Kids Children,-,-,999,7 days Replacement,"Saturday, 9 September",In stock,https://www.amazon.in/AUREUS-Acoustic-Instrument-Educational-Beginners/dp/B09W12QFQD/ref=sr_1_18?keywords=guitar&qid=1693750407&sr=8-18
Visit the Intern Store,Intern INT-38C Acoustic Guitar Kit (Blue),4 out of 5,"13,412 ratings","2,299",Pay on Delivery,"Friday, 8 September",-,https://www.amazon.in/Intern-INT-38C-Acoustic-Guitar-Blue/dp/B073B5RZBV/ref=sr_1_19?keywords=guitar&qid=1693750407&sr=8-19
Visit the YAMAHA Store,"Yamaha FS100C Acoustic Guitar, Black",4.5 out of 5,394 ratings,"10,490",Pay on Delivery,"Friday, 8 September",In stock,https://www.amazon.in/Yamaha-FS-100C-6-String-Acoustic-without/dp/B00PAS9CK6/ref=sr_1_20?keywords=guitar&qid=1693750407&sr=8-20
Visit the Kadence Store,"Kadence Frontier guitar with Online Guitar learning course , Wine Red Acoustic Guitar with Die Cast Keys, Set of Strings, Strap, Picks and Bag (Wine Red, Acoustic)",3.9 out of 5,"2,957 ratings","4,999",Pay on Delivery,"Thursday, 7 September",In stock,https://www.amazon.in/sspa/click?ie=UTF8&spc=MTo1NTg0MDk3ODIzNjIxNjEwOjE2OTM3NTA0MDc6c3BfbXRmOjIwMDk2NjA4NzUwNDk4OjowOjo&url=%2FKadence-Frontier-Acoustic-Guitar-Strings%2Fdp%2FB01GDZ46AA%2Fref%3Dsr_1_21_sspa%3Fkeywords%3Dguitar%26qid%3D1693750407%26sr%3D8-21-spons%26sp_csd%3Dd2lkZ2V0TmFtZT1zcF9tdGY%26psc%3D1
Brand: Medellin,"Medellin Acoustic Guitar (with guitar learning course) Neon Pink (Combo, Strings,Bag,Picks and guitar course)",5 out of 5,2 ratings,"2,499",Pay on Delivery,"Thursday, 7 September",-,https://www.amazon.in/sspa/click?ie=UTF8&spc=MTo1NTg0MDk3ODIzNjIxNjEwOjE2OTM3NTA0MDc6c3BfbXRmOjMwMDAyNzY2OTgxOTkzMjo6MDo6&url=%2FMedellin-Acoustic-Guitar-learning-Strings%2Fdp%2FB0CCNSN9BV%2Fref%3Dsr_1_22_sspa%3Fkeywords%3Dguitar%26qid%3D1693750407%26sr%3D8-22-spons%26sp_csd%3Dd2lkZ2V0TmFtZT1zcF9tdGY%26psc%3D1
Brand: Medellin,"Medellin Acoustic Guitar (with guitar learning course) Neon Orange (Combo, Strings,Bag,Picks and guitar course)",5 out of 5,1 rating,"2,499",Pay on Delivery,"Thursday, 7 September",In stock,https://www.amazon.in/sspa/click?ie=UTF8&spc=MTo1NTg0MDk3ODIzNjIxNjEwOjE2OTM3NTA0MDc6c3BfbXRmOjMwMDAyNzY2OTgxOTgzMjo6MDo6&url=%2FMedellin-Acoustic-Guitar-learning-Strings%2Fdp%2FB0CCNSN6S4%2Fref%3Dsr_1_23_sspa%3Fkeywords%3Dguitar%26qid%3D1693750407%26sr%3D8-23-spons%26sp_csd%3Dd2lkZ2V0TmFtZT1zcF9tdGY%26psc%3D1
Visit the Kadence Store,"Kadence Slowhand Premium Jumbo Semi Acoustic Guitar with Heavy Padded Bag, guitar cable, Pro Capo (Black Spruce Wood)",4 out of 5,608 ratings,"11,999",Pay on Delivery,"Thursday, 7 September",In stock,https://www.amazon.in/sspa/click?ie=UTF8&spc=MTo1NTg0MDk3ODIzNjIxNjEwOjE2OTM3NTA0MDc6c3BfbXRmOjIwMDU3MTkzMDU2MjA0OjowOjo&url=%2FKadence-Slowhand-Premium-Acoustic-Instrument%2Fdp%2FB077SZ667X%2Fref%3Dsr_1_24_sspa%3Fkeywords%3Dguitar%26qid%3D1693750407%26sr%3D8-24-spons%26sp_csd%3Dd2lkZ2V0TmFtZT1zcF9tdGY%26psc%3D1
Visit the JUAREZ Store,"Juarez JRZ-ST01 38 Inches Wood 6-String Electric Guitar, Right Handed, Full Black, With Case/Bag And Picks (Black)",4 out of 5,304 ratings,"5,299",Pay on Delivery,"Thursday, 7 September",In stock,https://www.amazon.in/Juarez-JRZ-ST01-6-String-Electric-Without/dp/B01FYZSOGM/ref=sr_1_25?keywords=guitar&qid=1693750407&sr=8-25
Brand: Medellin,"Medellin M38 carbon fiber body 38 Incheses Acoustic Guitar (White) Durable Matt finish With hAndrest, strings, strap, bag, 3 Picks, capo, stAnd",3.4 out of 5,110 ratings,"2,499",1 Year Warranty,,,https://www.amazon.in/Medellin-Acoustic-Guitar-Carbon-Learning/dp/B09MSFP7JK/ref=sr_1_26?keywords=guitar&qid=1693750407&sr=8-26
Brand: Medellin,"Medellin 38"" Acoustic Guitar premium wood with adjustable Truss-rod, free online learning course, Set Of Strings, Strap, Bag and 3 Picks (black)",4.1 out of 5,57 ratings,"2,649",Pay on Delivery,"Thursday, 7 September",In stock,https://www.amazon.in/Medellin-Acoustic-adjustable-Truss-rod-learning/dp/B0BMKHTNX1/ref=sr_1_27?keywords=guitar&qid=1693750407&sr=8-27
Visit the JUAREZ Store,"JUAREZ JRZ38C 38 Inches Lindenwood Right Handed Acoustic Guitar With Bag, Strings, Pick And Strap (Natural, Brown, 6 Strings)",3.9 out of 5,"5,549 ratings","2,649",Pay on Delivery,"Thursday, 7 September",In stock,https://www.amazon.in/JUAREZ-JRZ38C-Acoustic-Natural-Strings/dp/B01FYYTDWC/ref=sr_1_28?keywords=guitar&qid=1693750407&sr=8-28
Visit the JUAREZ Store,"Juârez JRZ38C/WH 6 Strings Acoustic Guitar 38 Inch Cutaway, Right Handed, White with Bag, Strings, Picks and Strap",3.9 out of 5,"5,549 ratings","2,649",Pay on Delivery,"Thursday, 7 September",In stock,https://www.amazon.in/Ju%C3%A2rez-JRZ38C-WH-Strings-Acoustic/dp/B072MFK4L6/ref=sr_1_29?keywords=guitar&qid=1693750407&sr=8-29
Visit the Intern Store,Intern INT-38C Acoustic Guitar Kit (Red),4 out of 5,"13,412 ratings","2,099",Pay on Delivery,"Thursday, 7 September",In stock,https://www.amazon.in/Intern-INT-38C-Acoustic-Guitar-Kit/dp/B073B6TF31/ref=sr_1_30?keywords=guitar&qid=1693750407&sr=8-30
Visit the Intern Store,Intern INT-38C Natural Linden Wood Acoustic Guitar Kit with Carry Bag & Picks,3.9 out of 5,"2,587 ratings","2,089",Pay on Delivery,"Thursday, 7 September",In stock,https://www.amazon.in/Intern-INT-38C-Natural-Acoustic-Guitar/dp/B07X4LPJ6H/ref=sr_1_31?keywords=guitar&qid=1693750407&sr=8-31
Brand: REVEL,Revel 38 Inches Cutaway Design Acoustic Guitar with Carry bag and Plectrums. Great tone and Beginner/Learners standard size configuration for all age groups (Black)…,4.1 out of 5,79 ratings,"1,999",Pay on Delivery,"Thursday, 7 September",In stock,https://www.amazon.in/Acoustic-Plectrums-Beginner-Learners-configuration/dp/B0B4SSB8BJ/ref=sr_1_32?keywords=guitar&qid=1693750407&sr=8-32
Brand: HOVNER,"Hovner 215 Black F-Cut Rosewood Fretboard Acoustic Guitar With Bag,Strap,1 Set of Extra Strings and 2 Picks By K-Retail",4 out of 5,726 ratings,"4,580",Pay on Delivery,"Friday, 8 September",In stock,https://www.amazon.in/Rosewood-Fretboard-Acoustic-Strings-K-Retail/dp/B07KLG8C4P/ref=sr_1_33?keywords=guitar&qid=1693750407&sr=8-33
Visit the JUAREZ Store,"Juarez JRZ-ST02 6-String 38 Inches Wood Electric Guitar, Right Handed, Red With Case/Bag And Picks",4.2 out of 5,214 ratings,"5,749",Pay on Delivery,"Wednesday, 6 September",In stock,https://www.amazon.in/Juarez-JRZ-ST01-6-String-Electric-Without/dp/B01FYZSOHG/ref=sr_1_34?keywords=guitar&qid=1693750407&sr=8-34
Visit the JUAREZ Store,"Juârez JRZ38C/VTS 6 Strings Acoustic Guitar 38 Inch Cutaway, Right Handed, Violet/Purple with Bag, Strings, Picks and Strap",3.9 out of 5,"5,549 ratings","2,649",Pay on Delivery,"Thursday, 7 September",In stock,https://www.amazon.in/JRZ38C-VTS-Strings-Acoustic-Cutaway/dp/B072MFLQC9/ref=sr_1_35?keywords=guitar&qid=1693750407&sr=8-35
Visit the Intern Store,"Intern INT-38C-BK-G Cutaway Right Handed Acoustic Guitar Kit, with Bag, Nickel Strings, Pick And Strap (Black) -6 Strings",4 out of 5,"1,685 ratings","2,019",Pay on Delivery,"Thursday, 7 September",In stock,https://www.amazon.in/Intern-INT-38C-BK-G-Guitar-Kit-Black/dp/B07K9497RC/ref=sr_1_36?keywords=guitar&qid=1693750407&sr=8-36
Brand: Medellin,"Medellin Acoustic Guitar (with guitar learning course) Neon Orange (Combo, Strings,Bag,Picks and guitar course)",5 out of 5,1 rating,"2,499",Pay on Delivery,"Thursday, 7 September",In stock,https://www.amazon.in/Medellin-Acoustic-Guitar-learning-Strings/dp/B0CCNSN6S4/ref=sr_1_37?keywords=guitar&qid=1693750407&sr=8-37
Brand: allmusicmart,"“ALL WOODEN” 38” INCH Guitar Combo Pack For Beginner Adults Childs Starter Bundle Kit,Dual Action Truss Rod, Gigbag, Picks, String Set, String Winder,Strap,Matt Black",-,-,"2,850",Secure transaction,8 - 11 September,-,https://www.amazon.in/WOODEN-Guitar-Beginner-Adults-Starter/dp/B0C816MJ4Y/ref=sr_1_38?keywords=guitar&qid=1693750407&sr=8-38
Brand: Medellin,"Medellin Acoustic Guitar (with guitar learning course) Neon Pink (Combo, Strings,Bag,Picks and guitar course)",5 out of 5,2 ratings,"2,499",Pay on Delivery,"Thursday, 7 September",-,https://www.amazon.in/Medellin-Acoustic-Guitar-learning-Strings/dp/B0CCNSN9BV/ref=sr_1_39?keywords=guitar&qid=1693750407&sr=8-39
Brand: Medellin,"Medellin 38” Acoustic Guitar with (free learning course), Picks and Bag",-,-,"2,299",Pay on Delivery,"Thursday, 7 September",In stock,https://www.amazon.in/Medellin-Acoustic-Guitar-learning-course/dp/B0CGRX6ZMF/ref=sr_1_40?keywords=guitar&qid=1693750407&sr=8-40
Visit the Intern Store,Intern Int-38c Linden Wood Acoustic Guitar Kit with Carry Bag and Picks (Brown),3.9 out of 5,"2,587 ratings","2,089",Pay on Delivery,"Thursday, 7 September",In stock,https://www.amazon.in/Intern-INT-38C-Brown-Acoustic-Guitar/dp/B07X2HV158/ref=sr_1_41?keywords=guitar&qid=1693750407&sr=8-41
Visit the Kadence Store,Kadence GenZ Guitar (with Guitar learning course) Acoustic Guitar with Die Cast Keys and Bag (Lavender),5 out of 5,1 rating,"6,299",Pay on Delivery,"Thursday, 7 September",In stock,https://www.amazon.in/Kadence-Guitar-learning-Acoustic-Lavender/dp/B0CD4CNSPJ/ref=sr_1_42?keywords=guitar&qid=1693750407&sr=8-42
Visit the Kadence Store,"Kadence Frontier guitar with Online Guitar learning course , Wine Red Acoustic Guitar with Die Cast Keys, Set of Strings, Strap, Picks and Bag (Wine Red, Acoustic)",3.9 out of 5,"2,957 ratings","4,999",Pay on Delivery,"Thursday, 7 September",In stock,https://www.amazon.in/Kadence-Frontier-Acoustic-Guitar-Strings/dp/B01GDZ46AA/ref=sr_1_43?keywords=guitar&qid=1693750407&sr=8-43
Visit the JUAREZ Store,"Juarez Lindenwood Acoustic Guitar, 38 Inches Curved Body Cutaway, 38CUR With Bag, Strings, Pick And Strap (Black)",4 out of 5,"2,646 ratings","2,439",Pay on Delivery,"Thursday, 7 September",In stock,https://www.amazon.in/Juarez-Acoustic-Guitar-Cutaway-Strings/dp/B076QHZ4HZ/ref=sr_1_44?keywords=guitar&qid=1693750407&sr=8-44
Visit the Intern Store,"Intern INT-38C 38 Incheses basswood-BLS-G Cutaway Right HAnded Acoustic Guitar Kit, With Bag, Strings, Pick And Strap (Blue, 6 Strings)",4 out of 5,"1,685 ratings","2,149",Pay on Delivery,"Thursday, 7 September",In stock,https://www.amazon.in/Intern-INT-38C-BLS-G-Guitar-Kit-Blue/dp/B07K8YXTNW/ref=sr_1_45?keywords=guitar&qid=1693750407&sr=8-45
Visit the Intern Store,Intern Int-38c Sunburst Linden Wood Acoustic Guitar Kit with Carry Bag and Picks,3.9 out of 5,"2,587 ratings","2,089",Pay on Delivery,"Thursday, 7 September",In stock,https://www.amazon.in/Intern-INT-38C-Sunburst-Acoustic-Guitar/dp/B07X1J4D3Z/ref=sr_1_46?keywords=guitar&qid=1693750407&sr=8-46
Visit the blueberry Store,"Blueberry 38C, 38"" Acoustic Guitar Kit with Bag, Strap, One Pack Strings And Picks (Black)",4.2 out of 5,42 ratings,"2,425",Pay on Delivery,"Friday, 8 September",In stock,https://www.amazon.in/Blueberry-38C-Acoustic-Guitar-Strings/dp/B08KLMV4XX/ref=sr_1_47?keywords=guitar&qid=1693750407&sr=8-47
Visit the Intern Store,"Intern INT-38C-NT-G 38 Incheses lindenwood Right HAnded Acoustic Guitar Kit With Bag, Strings, Pick And Strap (Natural, 6-Strings)",4 out of 5,"1,685 ratings","2,279",Pay on Delivery,"Thursday, 7 September",In stock,https://www.amazon.in/Intern-INT-38C-NT-G-Guitar-Kit-Natural/dp/B07K9MZZH9/ref=sr_1_48?keywords=guitar&qid=1693750407&sr=8-48
Visit the JUAREZ Store,"Juarez Acoustic Guitar, [ LEFT HANDED] 38 Inch Cutaway, 38CL/BK with Bag, Strings, Pick and Strap, Black",3.8 out of 5,779 ratings,"2,649",Pay on Delivery,"Thursday, 7 September",In stock,https://www.amazon.in/Juarez-Acoustic-Cutaway-BK-Strings/dp/B076T3RHMG/ref=sr_1_49?keywords=guitar&qid=1693750407&sr=8-49
Visit the Intern Store,"Intern INT-38C-L-SB Left Hand Acoustic Guitar Kit, With Bag, Strings, Pick And Strap (Sunburst)",3.6 out of 5,178 ratings,"2,459",Pay on Delivery,"Thursday, 7 September",In stock,https://www.amazon.in/Intern-INT-38C-L-SB-Acoustic-Guitar-Sunburst/dp/B07J5B69MB/ref=sr_1_50?keywords=guitar&qid=1693750407&sr=8-50
Visit the YAMAHA Store,YAMAHA FS80C BLACK CONCERT CUTAWAY GUITAR,4.1 out of 5,42 ratings,"1,999",1 Year Warranty,,,https://www.amazon.in/YAMAHA-FS80C-CONCERT-CUTAWAY-GUITAR/dp/B08WBBVMVJ/ref=sr_1_51?keywords=guitar&qid=1693750407&sr=8-51
Visit the Kadence Store,"Kadence Frontier 34inch guitar for Kids, Travel Guitar for Adult Acoustic Guitar with Die Cast Keys, Set of Strings, Strap, Picks and Bag (Black Guitar)",3.8 out of 5,70 ratings,"2,999",Pay on Delivery,"Thursday, 7 September",In stock,https://www.amazon.in/Kadence-Professional-Guitar-Years-Strings/dp/B07YZK5B2Z/ref=sr_1_52?keywords=guitar&qid=1693750407&sr=8-52
Visit the blueberry Store,"Blueberry, VIP-340, 34Inch Acoustic Guitar Kit With Bag, Belt, String Set and 2 Picks (Black)",2.5 out of 5,2 ratings,"2,999",Pay on Delivery,"Friday, 8 September",In stock,https://www.amazon.in/Blueberry-VIP-340-34Inch-Acoustic-Guitar/dp/B0BVR4M8MC/ref=sr_1_53?keywords=guitar&qid=1693750407&sr=8-53
Visit the YAMAHA Store,Yamaha 22.8 Inches Merantiwood Classical Guitar C40//02 (Brown),4.3 out of 5,"2,818 ratings","7,600",Pay on Delivery,"Friday, 8 September",In stock,https://www.amazon.in/Yamaha-Classical-Guitar-C40-02/dp/B003UGCUFE/ref=sr_1_54?keywords=guitar&qid=1693750407&sr=8-54
Visit the Intern Store,"INTERN Cutaway Design Acoustic Guitar Pack -Humidity Proof, Bend resistant, Durable Action, Natural tone & resonance. Natural Carbon Fibre/Fiber Guitar with Bag, Strap, Strings set & Plectrums.",3.7 out of 5,56 ratings,"2,499",Pay on Delivery,"Thursday, 7 September",In stock,https://www.amazon.in/Acoustic-Humidity-resistant-resonance-Plectrums/dp/B09RQZG25Q/ref=sr_1_55?keywords=guitar&qid=1693750407&sr=8-55
Visit the YAMAHA Store,Yamaha FS80C 25 Incheses sprucewood The Ultimate Concert Body Cutaway Acoustic Guitar (Black) With Bajaao Gig-Bag,4.3 out of 5,353 ratings,"8,749",Pay on Delivery,"Friday, 8 September",-,https://www.amazon.in/Ultimate-Concert-Cutaway-Acoustic-Bajaao/dp/B08WHWKKV5/ref=sr_1_56?keywords=guitar&qid=1693750407&sr=8-56
Brand: PS Signature,"PS Signature Acoustic Guitar Black Matte (Free 1 set Strings, 3 Picks, Bag & Belt)",-,-,"2,999",7 days Replacement,"Friday, 8 September",In stock,https://www.amazon.in/sspa/click?ie=UTF8&spc=MTo1NTg0MDk3ODIzNjIxNjEwOjE2OTM3NTA0MDc6c3BfYnRmOjMwMDA0NzIyMDEwNTYzMjo6MDo6&url=%2FPS-Signature-Acoustic-Guitar-Strings%2Fdp%2FB0C43LH9QS%2Fref%3Dsr_1_57_sspa%3Fkeywords%3Dguitar%26qid%3D1693750407%26sr%3D8-57-spons%26sp_csd%3Dd2lkZ2V0TmFtZT1zcF9idGY%26psc%3D1
Brand: PS Signature,"PS Signature Acoustic Guitar (Natural Color) Free 1 set Strings, 3 Picks, Bag & Belt)",5 out of 5,1 rating,"2,999",7 days Replacement,"Friday, 8 September",In stock,https://www.amazon.in/sspa/click?ie=UTF8&spc=MTo1NTg0MDk3ODIzNjIxNjEwOjE2OTM3NTA0MDc6c3BfYnRmOjMwMDA0NzE1NTYxNDUzMjo6MDo6&url=%2FPS-Signature-Acoustic-Natural-Strings%2Fdp%2FB0CFYS6Q7Q%2Fref%3Dsr_1_58_sspa%3Fkeywords%3Dguitar%26qid%3D1693750407%26sr%3D8-58-spons%26sp_csd%3Dd2lkZ2V0TmFtZT1zcF9idGY%26psc%3D1
Brand: PS Signature,"PS Signature Blue Matte Acoustic Guitar (Free 1 set Strings, 3 Picks, Bag & Belt)",-,-,"2,999",7 days Returnable,"Friday, 8 September",In stock,https://www.amazon.in/sspa/click?ie=UTF8&spc=MTo1NTg0MDk3ODIzNjIxNjEwOjE2OTM3NTA0MDc6c3BfYnRmOjMwMDA0NzQ2NzQzMDczMjo6MDo6&url=%2FPS-Signature-Acoustic-Guitar-Strings%2Fdp%2FB0CH3PFGS7%2Fref%3Dsr_1_59_sspa%3Fkeywords%3Dguitar%26qid%3D1693750407%26sr%3D8-59-spons%26sp_csd%3Dd2lkZ2V0TmFtZT1zcF9idGY%26psc%3D1
Brand: Medellin,"Medellin Acoustic Guitar + (Free online learning Course) Neon Green with Strings,Bag,Picks and guitar strap.",5 out of 5,1 rating,"2,499",Pay on Delivery,"Thursday, 7 September",In stock,https://www.amazon.in/sspa/click?ie=UTF8&spc=MTo1NTg0MDk3ODIzNjIxNjEwOjE2OTM3NTA0MDc6c3BfYnRmOjMwMDAyNzY2OTgyMDAzMjo6MDo6&url=%2FMedellin-Acoustic-Guitar-learning-Strings%2Fdp%2FB0CCNS2NDX%2Fref%3Dsr_1_60_sspa%3Fkeywords%3Dguitar%26qid%3D1693750407%26sr%3D8-60-spons%26sp_csd%3Dd2lkZ2V0TmFtZT1zcF9idGY%26psc%3D1
Visit the DEVICE OF URBAN INFOTECH Store,DEVICE OF URBAN INFOTECH 40 inch Acoustic Guitar for Beginners Adults Premium Wood Curved Cutaway Design Acoustic Guitar Kit with Carrying Gig Bag Guitar for Adults Starters Students (Blue),-,-,"5,449",Pay on Delivery,"Friday, 8 September",In stock,https://www.amazon.in/sspa/click?ie=UTF8&spc=MTozODg3NDAwMDczMDY1NjEwOjE2OTM3NTA0MTU6c3BfYXRmX25leHQ6MzAwMDQxMjY3NTQ0MzMyOjowOjo&url=%2FDEVICE-URBAN-INFOTECH-Acoustic-Beginners%2Fdp%2FB0CDS4YVKQ%2Fref%3Dsr_1_49_sspa%3Fkeywords%3Dguitar%26qid%3D1693750415%26sr%3D8-49-spons%26sp_csd%3Dd2lkZ2V0TmFtZT1zcF9hdGZfbmV4dA%26psc%3D1
Visit the Guitar Bro Store,"Guitar Bro Combo 38 Inches Rose Wood (Blue Acoustic Guitar For Beginner, Guitar Learning Kit, Song Book, Video Lectures, Accessories Like Pick, Bag)",3.8 out of 5,41 ratings,"8,999",7 days Replacement,8 - 12 September,In stock,https://www.amazon.in/sspa/click?ie=UTF8&spc=MTozODg3NDAwMDczMDY1NjEwOjE2OTM3NTA0MTU6c3BfYXRmX25leHQ6MjAwMzE2ODgyMjYzMDE6OjA6Og&url=%2FGUITAR-BRO-Acoustic-Beginner-Accessories%2Fdp%2FB07TC7TWCR%2Fref%3Dsr_1_50_sspa%3Fkeywords%3Dguitar%26qid%3D1693750415%26sr%3D8-50-spons%26sp_csd%3Dd2lkZ2V0TmFtZT1zcF9hdGZfbmV4dA%26psc%3D1
Visit the Intern Store,"INTERN 40 inches Acoustic Guitar with Pick-up & truss rod, carry bag, strings pack, strap & picks. Premium Wooden durable built, Best tonal stability with professional sound amplificaiton. (Blue).…",4 out of 5,34 ratings,"4,690",Pay on Delivery,"Thursday, 7 September",In stock,https://www.amazon.in/sspa/click?ie=UTF8&spc=MTozODg3NDAwMDczMDY1NjEwOjE2OTM3NTA0MTU6c3BfYXRmX25leHQ6MzAwMDA5NDY5NzY3NzMyOjowOjo&url=%2FAcoustic-Pick-up-stability-professional-amplificaiton%2Fdp%2FB09YH89JZQ%2Fref%3Dsr_1_51_sspa%3Fkeywords%3Dguitar%26qid%3D1693750415%26sr%3D8-51-spons%26sp_csd%3Dd2lkZ2V0TmFtZT1zcF9hdGZfbmV4dA%26psc%3D1
Brand: IMAGINEA,"40 Inch Acoustic Guitar for Beginners Adults Premium Wood Curved Cutaway Design Acoustic Guitar Kit with Carrying Gig Bag, Pickguard, Belt, 5Picks Guitar for Adults Starters Students (wine)",-,-,"5,449",Pay on Delivery,"Friday, 8 September",In stock,https://www.amazon.in/sspa/click?ie=UTF8&spc=MTozODg3NDAwMDczMDY1NjEwOjE2OTM3NTA0MTU6c3BfYXRmX25leHQ6MzAwMDQzNTk4MTUwNTMyOjowOjo&url=%2FAcoustic-Beginners-Carrying-Pickguard-Starters%2Fdp%2FB0CGR8MXTY%2Fref%3Dsr_1_52_sspa%3Fkeywords%3Dguitar%26qid%3D1693750415%26sr%3D8-52-spons%26sp_csd%3Dd2lkZ2V0TmFtZT1zcF9hdGZfbmV4dA%26psc%3D1
Brand: PS Signature,"PS Signature Acoustic Guitar (Natural Color) Free 1 set Strings, 3 Picks, Bag & Belt)",5 out of 5,1 rating,"2,999",7 days Replacement,"Friday, 8 September",In stock,https://www.amazon.in/PS-Signature-Acoustic-Natural-Strings/dp/B0CFYS6Q7Q/ref=sr_1_53?keywords=guitar&qid=1693750415&sr=8-53
Brand: Medellin,"Medellin 38 Incheses Acoustic Guitar Carbon Fiber Body With Set Of Strings, Strap, Bag, 3 Picks, Capo, Guitar Wall Hanging Stand (own)",3.6 out of 5,58 ratings,"2,799",Pay on Delivery,"Thursday, 7 September",In stock,https://www.amazon.in/Medellin-Acoustic-LEARNING-beginners-handrest/dp/B09MSKKHJC/ref=sr_1_54?keywords=guitar&qid=1693750415&sr=8-54
Visit the blueberry Store,"Blueberry B40L, 40"" Acoustic Guitar Kit Inbuilt Truss Rod with Bag, Strap, One Pack Strings And Picks (Classic Maroon)",3.9 out of 5,36 ratings,"4,290",Pay on Delivery,"Friday, 8 September",In stock,https://www.amazon.in/Blueberry-Acoustic-Inbuilt-Strings-Classic/dp/B09VLF8B8G/ref=sr_1_55?keywords=guitar&qid=1693750415&sr=8-55
Visit the blueberry Store,"Blueberry, B-38C, 38 Inch Acoustic Guitar Kit with Bag, Strap, One Pack Strings And 2 Picks (Blue)",-,-,"2,450",Pay on Delivery,"Friday, 8 September",In stock,https://www.amazon.in/Blueberry-B-38C-Acoustic-Guitar-Strings/dp/B0C8V9BWK7/ref=sr_1_56?keywords=guitar&qid=1693750415&sr=8-56
Visit the JUAREZ Store,JUAREZ Acoustic Guitar 3xE 1st String & 2 Pick Set JRGSE32,4.1 out of 5,264 ratings,84,Pay on Delivery,"Friday, 8 September",In stock,https://www.amazon.in/JUAREZ-Acoustic-Guitar-String-JRGSE32/dp/B08MW1WPW5/ref=sr_1_57?keywords=guitar&qid=1693750415&sr=8-57
Visit the YAMAHA Store,"Yamaha F280 Acoustic sprucewood Guitar Dreadnought With Mexa Guitar Bag, Belt, String Set, Plectrums & Guitar StAnd (Tsb)",4.2 out of 5,36 ratings,"8,649",Pay on Delivery,"Friday, 8 September",-,https://www.amazon.in/Yamaha-F280-Acoustic-Dreadnought-Plectrum/dp/B08VN2V5V3/ref=sr_1_58?keywords=guitar&qid=1693750415&sr=8-58
Visit the YAMAHA Store,"Yamaha FS80C Acoustic Guitar Cutaway Concert Body With Mexa Sponge Bag, Guitar Belt, Guitar Stand, String Set & Plectrums.(BK)",3.7 out of 5,10 ratings,"9,790",Pay on Delivery,"Friday, 8 September",-,https://www.amazon.in/FS80C-Acoustic-Cutaway-Concert-Plectrums/dp/B09HSHGD3B/ref=sr_1_49?keywords=guitar&qid=1693750415&sr=8-49
Visit the Kadence Store,"Kadence Frontier Series,Black Acoustic Guitar With Die Cast Keys Super Combo (Capo, Bag, strap, strings and 3 picks)",3.9 out of 5,576 ratings,"5,899",Pay on Delivery,"Thursday, 7 September",In stock,https://www.amazon.in/Kadence-Frontier-Acoustic-Foldable-Strings/dp/B01CJJG882/ref=sr_1_50?keywords=guitar&qid=1693750415&sr=8-50
Visit the VAULT Store,"Vault EA20 Guitar Kit with Learn to Play Ebook, Bag, Strings, Straps, Picks, String winder & Polishing Cloth - 40 inch Cutaway Acoustic Guitar Black",3.9 out of 5,442 ratings,"4,654",Pay on Delivery,"Thursday, 7 September",In stock,https://www.amazon.in/Guitar-Strings-Straps-String-Polishing/dp/B097N7NGHD/ref=sr_1_51?keywords=guitar&qid=1693750415&sr=8-51
Visit the blueberry Store,"Blueberry B-38, 38"" Acoustic Guitar Kit Inbuilt Truss Rod with Bag, Strap, One Pack Strings And Picks (Natural)",3.8 out of 5,163 ratings,"2,655",Pay on Delivery,"Friday, 8 September",In stock,https://www.amazon.in/Blueberry-B-D38-Acoustic-inbuilt-Strings/dp/B07PCRZ1CD/ref=sr_1_52?keywords=guitar&qid=1693750415&sr=8-52
Brand: Generic,SAHAJ ENTERPRISES 4 String Acoustic Décor Guitar Children's Educational Musical Instrument Child Learning Random Brown Best Gift 24 Inch Kids Keep Tone Picks Strap Ability Beginner Sound (Guitar),-,-,849,7 days Replacement,"Friday, 8 September",In stock,https://www.amazon.in/ENTERPRISES-Acoustic-D%C3%A9cor-Guitar-Educational/dp/B0BZ8Q7CT6/ref=sr_1_53?keywords=guitar&qid=1693750415&sr=8-53
Visit the JUAREZ Store,"Juârez Lindenwood Acoustic Guitar, 38 Inches Cutaway, JRZ38C With Bag, Strings, Pick And Strap, Blue",4.1 out of 5,"1,408 ratings","2,649",Pay on Delivery,"Thursday, 7 September",In stock,https://www.amazon.in/JUAREZ-JRZ38C-Handed-Acoustic-Strings/dp/B01FYYTDX6/ref=sr_1_54?keywords=guitar&qid=1693750415&sr=8-54
Brand: Ibanez,"Ibanez MD39C-NT 39 Inches Rose Wood Cutaway Acoustic Guitar With Gig-Bag, Polishing Cloth And E-Book",4.3 out of 5,491 ratings,"7,699",Pay on Delivery,"Friday, 8 September",In stock,https://www.amazon.in/Ibanez-MD39C-NT-Cutaway-Acoustic-Polishing/dp/B084BQJCP8/ref=sr_1_55?keywords=guitar&qid=1693750415&sr=8-55
Brand: Cort,"Cort AF500C Standard Series Open Pore Cutaway Acoustic Guitar with Bajaao Gig-Bag, Polishing Cloth & E-Book",4.4 out of 5,4 ratings,"8,899",Pay on Delivery,"Thursday, 7 September",In stock,https://www.amazon.in/Cort-Standard-Gig-Bag-Polishing-Cloth/dp/B0C6QHTLKL/ref=sr_1_56?keywords=guitar&qid=1693750415&sr=8-56
Visit the JUAREZ Store,"Juârez Acoustic Guitar, 38 Inch Cutaway, JRZ38CT, Hippie Funky Design, with Bag, Picks, Strap & Extra String set",3.9 out of 5,208 ratings,"2,489",Pay on Delivery,"Thursday, 7 September",In stock,https://www.amazon.in/Juarez-Acoustic-Guitar-Cutaway-JRZ38CT/dp/B01N3TTYJQ/ref=sr_1_57?keywords=guitar&qid=1693750415&sr=8-57
Brand: E Nya,"E Nya Nova Go 33 Inches Carbon Fiber Beginner Adult Travel Acoustic Guitar 1/2 Size Acoustic Guitar Strap, EVA Case, Cleaning Cloth (Black)",4.4 out of 5,815 ratings,"14,500",Pay on Delivery,"Monday, 11 September",In stock,https://www.amazon.in/Acoustic-Beginner-Acustica-Guitarra-Packaging/dp/B09JNWF2ZT/ref=sr_1_58?keywords=guitar&qid=1693750415&sr=8-58
Brand: IMAGINEA,Imaginea® 40 inch Acoustic Guitar for Beginner Electric Guitar Premium Wood Curved Cutaway Design Acoustic Guitar with Carry Bag Accessories Melody Maestro Guitar an Incredible Guitar for music,-,-,"5,439",Pay on Delivery,"Friday, 8 September",In stock,https://www.amazon.in/sspa/click?ie=UTF8&spc=MTozODg3NDAwMDczMDY1NjEwOjE2OTM3NTA0MTU6c3BfbXRmOjMwMDAzMTMwMTY1MjgzMjo6MDo6&url=%2FImaginea%25C2%25AE-Acoustic-Beginner-Accessories-Incredible%2Fdp%2FB0CDS99DSG%2Fref%3Dsr_1_59_sspa%3Fkeywords%3Dguitar%26qid%3D1693750415%26sr%3D8-59-spons%26sp_csd%3Dd2lkZ2V0TmFtZT1zcF9tdGY%26psc%3D1
Visit the VAULT Store,"Vault Traveller 34 Inch Acoustic Guitar With Truss Rod, Gig-Bag, Strap, Strings, Polishing Cloth, String Winder, Picks & E-Book - Natural Gloss",3.6 out of 5,141 ratings,"4,084",Pay on Delivery,"Thursday, 7 September",In stock,https://www.amazon.in/sspa/click?ie=UTF8&spc=MTozODg3NDAwMDczMDY1NjEwOjE2OTM3NTA0MTU6c3BfbXRmOjIwMDM2MjI1NzQxMDk4OjowOjo&url=%2FTraveller-Acoustic-Guitar-Strings-Polishing%2Fdp%2FB07RK9962M%2Fref%3Dsr_1_60_sspa%3Fkeywords%3Dguitar%26qid%3D1693750415%26sr%3D8-60-spons%26sp_csd%3Dd2lkZ2V0TmFtZT1zcF9tdGY%26psc%3D1
Brand: Generic,"GT-KIT/003, Guitar Kit Set Guitar Strings Changing Kit Guitar Tool Kit with 6 Strings, 12 Multicolored Picks, 1 Guitar Capo, 1 String Winder 1 String Cutter, 1 Guitar Tuner for Acoustic Guitars",-,-,749,7 days Replacement,"Friday, 8 September",In stock,https://www.amazon.in/sspa/click?ie=UTF8&spc=MTozODg3NDAwMDczMDY1NjEwOjE2OTM3NTA0MTU6c3BfbXRmOjMwMDA0NzQ0Njg5NTczMjo6MDo6&url=%2FGT-KIT-003-Changing-Multicolored-Acoustic%2Fdp%2FB0C28BNXJW%2Fref%3Dsr_1_61_sspa%3Fkeywords%3Dguitar%26qid%3D1693750415%26sr%3D8-61-spons%26sp_csd%3Dd2lkZ2V0TmFtZT1zcF9tdGY%26psc%3D1
Brand: Generic,"Guitar Kit Set Guitar Strings Changing Kit Guitar Tool Kit with 6 Strings, 6 Multicolored Picks, 1 Guitar Capo, 1 String Winder cutter, 1 Guitar Tuner for Acoustic Guitars",-,-,459,7 days Replacement,"Friday, 8 September",In stock,https://www.amazon.in/sspa/click?ie=UTF8&spc=MTozODg3NDAwMDczMDY1NjEwOjE2OTM3NTA0MTU6c3BfbXRmOjMwMDA0NzQ2OTI1MTMzMjo6MDo6&url=%2FStrings-Changing-Multicolored-Acoustic-Guitars%2Fdp%2FB0C6FDW837%2Fref%3Dsr_1_62_sspa%3Fkeywords%3Dguitar%26qid%3D1693750415%26sr%3D8-62-spons%26sp_csd%3Dd2lkZ2V0TmFtZT1zcF9tdGY%26psc%3D1
Visit the Kadence Store,Kadence 12 strings Slowhand Premium Black Spruce wood Semi Acoustic Guitar KSH04-12EQ,-,-,"12,999",Pay on Delivery,"Thursday, 7 September",In stock,https://www.amazon.in/Kadence-strings-Slowhand-Acoustic-KSH04-12EQ/dp/B0CGDG462X/ref=sr_1_63?keywords=guitar&qid=1693750415&sr=8-63
Brand: Poonam_Enterprise,Poonam_Enterprise Plastic Musical Guitar (Yellow),4 out of 5,1 rating,999,7 days Replacement,"Friday, 8 September",-,https://www.amazon.in/Poonam_Enterprise-Yellow-Musical-Guitar/dp/B0846RMNV9/ref=sr_1_64?keywords=guitar&qid=1693750415&sr=8-64
Visit the JUAREZ Store,"Juârez JRZ38C/ASH 6 Strings Acoustic Guitar 38 Inch Cutaway, Right Handed, Ash with Bag, Strings, Picks and Strap",3.9 out of 5,"5,549 ratings","2,799",Pay on Delivery,"Thursday, 7 September",In stock,https://www.amazon.in/Juarez-JRZ38C-ASH-Strings-Acoustic/dp/B072JTPNZC/ref=sr_1_65?keywords=guitar&qid=1693750415&sr=8-65
Visit the YAMAHA Store,"YAMAHA APX600 BL Thin Body Mahogany Wood Acoustic-Electric Guitar, Black",4.6 out of 5,779 ratings,"27,900",Pay on Delivery,"Thursday, 7 September",-,https://www.amazon.in/Yamaha-APX600-BL-Acoustic-Electric-Guitar/dp/B078WXWNBT/ref=sr_1_66?keywords=guitar&qid=1693750415&sr=8-66
Visit the VAULT Store,Vault EA40TBK 41 inch Premium Solid Spruce-Top Cutaway Acoustic Guitar (Black),4.2 out of 5,117 ratings,"7,124",Pay on Delivery,"Thursday, 7 September",In stock,https://www.amazon.in/EA40TBK-Premium-Spruce-Top-Cutaway-Acoustic/dp/B0BW3QYHV1/ref=sr_1_67?keywords=guitar&qid=1693750415&sr=8-67
Visit the YAMAHA Store,"Yamaha F280 Acoustic Guitar, Tobacco Brown Sunburst",4.3 out of 5,269 ratings,"7,990",Pay on Delivery,"Friday, 8 September",In stock,https://www.amazon.in/Yamaha-Acoustic-Guitar-Tobacco-Sunburst/dp/B08VXR74Q2/ref=sr_1_68?keywords=guitar&qid=1693750415&sr=8-68
Visit the JUAREZ Store,"Juârez JRZ38C/MAH 6 Strings Acoustic Guitar 38 Inch Cutaway, Right Handed, Mahogany with Bag, Strings, Picks and Strap",3.9 out of 5,"5,549 ratings","2,799",Pay on Delivery,"Thursday, 7 September",In stock,https://www.amazon.in/JRZ38C-Strings-Acoustic-Cutaway-Mahogany/dp/B071JM8C6T/ref=sr_1_69?keywords=guitar&qid=1693750415&sr=8-69
Visit the JUAREZ Store,"JUAREZ JRZ-ST01, 6 Strings Linden Wood Electric Guitar, Right Handed with Bag/Case, 2 x Picks (3TS Sunburst)",3.9 out of 5,301 ratings,"5,749",Pay on Delivery,"Thursday, 7 September",In stock,https://www.amazon.in/JRZ-ST01-6-String-Electric-Sunburst-Without/dp/B01FYZSOEE/ref=sr_1_70?keywords=guitar&qid=1693750415&sr=8-70
Visit the Intern Store,Intern INT-38C Acoustic Guitar Kit (Natural),4 out of 5,"13,412 ratings","2,229",Pay on Delivery,"Thursday, 7 September",In stock,https://www.amazon.in/Intern-INT-38C-Acoustic-Guitar-Natural/dp/B073B4D22T/ref=sr_1_71?keywords=guitar&qid=1693750415&sr=8-71
Brand: Medellin,"Medellin Acoustic Guitar + (Free online learning Course) Neon Green with Strings,Bag,Picks and guitar strap.",5 out of 5,1 rating,"2,499",Pay on Delivery,"Thursday, 7 September",In stock,https://www.amazon.in/Medellin-Acoustic-Guitar-learning-Strings/dp/B0CCNS2NDX/ref=sr_1_72?keywords=guitar&qid=1693750415&sr=8-72
Brand: Medellin,"Medellin M38 carbon fiber body 38 Incheses Acoustic Guitar (Black) Durable Matt finish With hAndrest, strings, strap, bag, 3 Picks, capo, stAnd",3.7 out of 5,270 ratings,"2,499",Pay on Delivery,"Thursday, 7 September",In stock,https://www.amazon.in/Medellin-Acoustic-Guitar-Carbon-Learning/dp/B09MSGQQWX/ref=sr_1_73?keywords=guitar&qid=1693750415&sr=8-73
Visit the JUAREZ Store,"Juârez Acoustic Guitar, 38 Inch Cutaway, JRZ38C with Bag, Strings, Pick and Strap, Red",4.1 out of 5,"1,408 ratings","2,609",Pay on Delivery,"Thursday, 7 September",In stock,https://www.amazon.in/JUAREZ-JRZ38C-Handed-Acoustic-Strings/dp/B01FYYTDW2/ref=sr_1_74?keywords=guitar&qid=1693750415&sr=8-74
Visit the Tanglewood Store,"Tanglewood Roadster II TWR2 PE Semi Acoustic Guitar, 6 Strings, Parlour, Natural Satin Finish",3.3 out of 5,7 ratings,"16,242",Pay on Delivery,"Friday, 8 September",-,https://www.amazon.in/Tanglewood-Roadster-TWR2-PE-Acoustic/dp/B07NTNZCH6/ref=sr_1_75?keywords=guitar&qid=1693750415&sr=8-75
Brand: Fender,Fender Squier 39 Inch 6 String Cutaway Acoustic Guitar Hardwood Fretboard-Natural Sa 135C Right-Hand One Of The Most Reputed Guitar Brands In The World,3.8 out of 5,78 ratings,"7,586",Pay on Delivery,"Friday, 8 September",In stock,https://www.amazon.in/Fender-String-Cutaway-Acoustic-Guitar/dp/B07YX5W8MV/ref=sr_1_76?keywords=guitar&qid=1693750415&sr=8-76
Visit the Kadence Store,"Kadence Frontier Series Semi Acoustic Guitar With Die Cast Keys Natural Super Combo, Capo, Bag, strap, strings and 3 picks)",3.8 out of 5,98 ratings,"5,999",Pay on Delivery,"Thursday, 7 September",In stock,https://www.amazon.in/Kadence-Frontier-Acoustic-Equalizer-Foldable/dp/B01I50UMPO/ref=sr_1_77?keywords=guitar&qid=1693750415&sr=8-77
Visit the Intern Store,"Intern INT-38C-RD-G Linden Wood Cutaway Right Handed Acoustic Guitar Kit, With Bag, Strings, Pick And Strap (Red, 6 Strings)",4 out of 5,"1,685 ratings","2,099",Pay on Delivery,"Thursday, 7 September",In stock,https://www.amazon.in/Intern-INT-38C-RD-G-Guitar-Kit-Red/dp/B07K959RKX/ref=sr_1_78?keywords=guitar&qid=1693750415&sr=8-78
Visit the Pluto Store,Pluto HW39C-201 39-inch Cutaway Acoustic Guitar (Natural),3 out of 5,26 ratings,"4,901",Pay on Delivery,"Thursday, 7 September",In stock,https://www.amazon.in/Pluto-HW39C-201-Medium-Cutaway-Acoustic/dp/B014R94EE2/ref=sr_1_79?keywords=guitar&qid=1693750415&sr=8-79
Brand: Fender,Fender Acoustic Guitar Dreadnought CD60 V3 Black 970110506,4.3 out of 5,"1,203 ratings","12,950",Pay on Delivery,"Friday, 8 September",In stock,https://www.amazon.in/Fender-Dread-String-Acoustic-Guitar/dp/B07RM4B5LJ/ref=sr_1_80?keywords=guitar&qid=1693750415&sr=8-80
Visit the YAMAHA Store,YAMAHA FS80C NATURAL CONCERT CUTAWAY GUITAR,4.3 out of 5,353 ratings,"8,091",Pay on Delivery,"Thursday, 7 September",In stock,https://www.amazon.in/YAMAHA-NATURAL-CONCERT-CUTAWAY-GUITAR/dp/B08KW4DRKL/ref=sr_1_81?keywords=guitar&qid=1693750415&sr=8-81
Visit the Intern Store,"INTERN 41 inches Acoustic Guitar with truss rod. Includes carry bag, strings pack, strap & plectrums. Premium Wooden durable built, tonal stability & for all age-groups (Jamming Black).…",4.1 out of 5,28 ratings,"3,590",Pay on Delivery,"Thursday, 7 September",In stock,https://www.amazon.in/Acoustic-strings-plectrums-stability-age-groups/dp/B09YHC3LX6/ref=sr_1_82?keywords=guitar&qid=1693750415&sr=8-82
Visit the VAULT Store,"Vault DA20 Dreadnought Acoustic Guitar With Gig-Bag, Picks, Strings Set, String Winder, Strap, Polishing Cloth And Allen Key",4.3 out of 5,21 ratings,"4,654",Pay on Delivery,"Thursday, 7 September",In stock,https://www.amazon.in/Dreadnought-Acoustic-Gig-Bag-Strings-Polishing/dp/B0BJJRJVHY/ref=sr_1_83?keywords=guitar&qid=1693750415&sr=8-83
Visit the Intern Store,"Intern INT-38C-SB-G Linden Wood Cutaway Right Handed Acoustic Guitar Kit, With Bag, Strings, Pick And Strap (Sunburst, 6 Strings)",4 out of 5,"1,685 ratings","2,199",Pay on Delivery,"Friday, 8 September",In stock,https://www.amazon.in/Intern-INT-38C-SB-G-Guitar-Kit-Sunburst/dp/B07K8WLPLH/ref=sr_1_84?keywords=guitar&qid=1693750415&sr=8-84
Visit the YAMAHA Store,"Yamaha 16 Incheses wood Acoustic Guitar F280 Dreadnought With Mexa Sponge Bag Belt,Plectrums, String Set & Guitar StAnd (Natural)",3.9 out of 5,27 ratings,"8,999",Pay on Delivery,"Friday, 8 September",In stock,https://www.amazon.in/Acoustic-F280-Dreadnought-Plectrums-Natural/dp/B092TPXZRN/ref=sr_1_85?keywords=guitar&qid=1693750415&sr=8-85
Visit the YAMAHA Store,"YAMAHA F310, 6-Strings Rose Wood Acoustic Guitar, Natural",4.4 out of 5,"1,852 ratings","9,300",Pay on Delivery,"Friday, 8 September",In stock,https://www.amazon.in/Yamaha-F310-6-Strings-Acoustic-Natural/dp/B000RVYW7E/ref=sr_1_86?keywords=guitar&qid=1693750415&sr=8-86
Brand: Fender,Fender Acoustic Guitar Auditorium Cutaway Electronics FA345CE 3-Tone Tea Burst 971343064,4.5 out of 5,151 ratings,"34,960",7 days Replacement,"Thursday, 7 September",-,https://www.amazon.in/Fender-FA-345CE-Auditorium-Bodied-Acoustic/dp/B07BCN55VP/ref=sr_1_87?keywords=guitar&qid=1693750415&sr=8-87
Visit the Kadence Store,"Kadence Guitar Acoustica Series, Electric Acoustic Guitar, Ash Wood with Pickup and Inbuilt tuner Travel Guitar Small Size for Kids and Adult (A06-34"")",3.2 out of 5,3 ratings,"6,999",Pay on Delivery,"Thursday, 7 September",In stock,https://www.amazon.in/Kadence-Acoustica-Electric-Acoustic-Inbuilt/dp/B09RWX11TC/ref=sr_1_88?keywords=guitar&qid=1693750415&sr=8-88
Visit the JUAREZ Store,"Juarez Wood Acoustic Guitar, [LEFT HANDED] 96.52 cm (38 Inch) Cutaway, 38CL/3TS with Bag, Strings, Pick and Strap, 3TS Sunburst",3.7 out of 5,40 ratings,"2,649",Pay on Delivery,"Thursday, 7 September",In stock,https://www.amazon.in/Acoustic-Cutaway-3TS-Strings-Sunburst/dp/B098BD1MHM/ref=sr_1_89?keywords=guitar&qid=1693750415&sr=8-89
Visit the blueberry Store,Blueberry D38 38 Inches Trussrod Lindenwood Acoustic Guitar Kit (Blue),3.7 out of 5,68 ratings,"2,895",Pay on Delivery,"Friday, 8 September",In stock,https://www.amazon.in/Blueberry-Acoustic-Guitar-inbuilt-Truss-rod/dp/B08T8HW3K7/ref=sr_1_90?keywords=guitar&qid=1693750415&sr=8-90
Brand: HOVNER,"Hovner 215 Green F-Cut Rosewood Fretboard Acoustic Guitar With Bag,Strap,1 Set of Extra Strings and 2 Picks V3",-,-,"4,480",Pay on Delivery,"Friday, 8 September",In stock,https://www.amazon.in/215-Rosewood-Fretboard-Acoustic-Strings/dp/B0C5458VCL/ref=sr_1_91?keywords=guitar&qid=1693750415&sr=8-91
Visit the Kadence Store,"Kadence A281 Professional Acoustic Rosewood guitar (Natural, Beige)",5 out of 5,1 rating,"6,499",Pay on Delivery,"Thursday, 7 September",In stock,https://www.amazon.in/Kadence-Professional-Acoustic-Rosewood-Natural/dp/B0CC927DLN/ref=sr_1_92?keywords=guitar&qid=1693750415&sr=8-92
Brand: HOVNER,"Hovner Standard 185 Natural Rosewood Fretboard Acoustic Guitar With Bag,Strap,1 Set of Extra Strings and 2 Picks By K-Retail",3.8 out of 5,107 ratings,"4,290",Pay on Delivery,"Wednesday, 13 September",In stock,https://www.amazon.in/Standard-Rosewood-Fretboard-Acoustic-K-Retail/dp/B07KLVKW5Z/ref=sr_1_93?keywords=guitar&qid=1693750415&sr=8-93
Visit the YAMAHA Store,"YAMAHA F310-TBS Right Handed Spruce, Back/Side/Rib, Meranti Acoustic Guitar (Tobacco Sunburst, 6-Strings)",4.4 out of 5,"1,198 ratings","9,669",Pay on Delivery,"Friday, 8 September",In stock,https://www.amazon.in/Yamaha-6-String-Acoustic-Right-Handed-Sunburst/dp/B000WITGQO/ref=sr_1_94?keywords=guitar&qid=1693750415&sr=8-94
Visit the Guitar Bro Store,"GUITAR BRO - COMBO (Black Acoustic Rose Wood Guitar for Beginner, Guitar Learning Kit, Song Book, Video Lectures, Accessories like Pick, Bag)",3.8 out of 5,41 ratings,"8,999",7 days Replacement,8 - 11 September,In stock,https://www.amazon.in/sspa/click?ie=UTF8&spc=MTo2OTY5ODM3NTE2NzUzNjEwOjE2OTM3NTA0MTk6c3BfYXRmX25leHQ6MjAwMzE2ODgyMjYyMDE6OjA6Og&url=%2FGUITAR-BRO-Acoustic-Beginner-Accessories%2Fdp%2FB07T84GC8L%2Fref%3Dsr_1_97_sspa%3Fkeywords%3Dguitar%26qid%3D1693750419%26sr%3D8-97-spons%26sp_csd%3Dd2lkZ2V0TmFtZT1zcF9hdGZfbmV4dA%26psc%3D1
Visit the DEVICE OF URBAN INFOTECH Store,DEVICE OF URBAN INFOTECH 40 inch Acoustic Guitar for Beginners Adults Premium Wood Curved Cutaway Design Acoustic Guitar Kit with Carrying Gig Bag Guitar for Adults Starters Students (Beige),-,-,"5,449",Pay on Delivery,"Friday, 8 September",In stock,https://www.amazon.in/sspa/click?ie=UTF8&spc=MTo2OTY5ODM3NTE2NzUzNjEwOjE2OTM3NTA0MTk6c3BfYXRmX25leHQ6MzAwMDQxMjY3NTQ0MjMyOjowOjo&url=%2FDEVICE-URBAN-INFOTECH-Acoustic-Beginners%2Fdp%2FB0CDS672C5%2Fref%3Dsr_1_98_sspa%3Fkeywords%3Dguitar%26qid%3D1693750419%26sr%3D8-98-spons%26sp_csd%3Dd2lkZ2V0TmFtZT1zcF9hdGZfbmV4dA%26psc%3D1
Visit the Intern Store,"INTERN 40 inches Acoustic Guitar with Pick-up & truss rod, carry bag, strings pack, strap & picks. Premium Wooden durable built, Best tonal stability with professional sound amplificaiton. (ASH).",4 out of 5,34 ratings,"4,690",Pay on Delivery,"Thursday, 7 September",In stock,https://www.amazon.in/sspa/click?ie=UTF8&spc=MTo2OTY5ODM3NTE2NzUzNjEwOjE2OTM3NTA0MTk6c3BfYXRmX25leHQ6MzAwMDA5NDY5NzY3NTMyOjowOjo&url=%2FAcoustic-Pick-up-stability-professional-amplificaiton%2Fdp%2FB09YH8X5CL%2Fref%3Dsr_1_99_sspa%3Fkeywords%3Dguitar%26qid%3D1693750419%26sr%3D8-99-spons%26sp_csd%3Dd2lkZ2V0TmFtZT1zcF9hdGZfbmV4dA%26psc%3D1
Brand: IMAGINEA,Imaginea® 40 inch Acoustic Guitar for Beginner Electric Guitar Premium Wood Curved Cutaway Design Acoustic Guitar with Carry Bag Accessories Melody Maestro Guitar an Incredible Guitar for music,-,-,"5,439",Pay on Delivery,"Friday, 8 September",In stock,https://www.amazon.in/sspa/click?ie=UTF8&spc=MTo2OTY5ODM3NTE2NzUzNjEwOjE2OTM3NTA0MTk6c3BfYXRmX25leHQ6MzAwMDMxMzAxNjUyNzMyOjowOjo&url=%2FImaginea%25C2%25AE-Acoustic-Beginner-Accessories-Incredible%2Fdp%2FB0CDS6Q6CF%2Fref%3Dsr_1_100_sspa%3Fkeywords%3Dguitar%26qid%3D1693750419%26sr%3D8-100-spons%26sp_csd%3Dd2lkZ2V0TmFtZT1zcF9hdGZfbmV4dA%26psc%3D1
Visit the VAULT Store,Vault JB4 Jazz Bass 4-String Bass Guitar - Black,3.8 out of 5,10 ratings,"9,999",Pay on Delivery,"Friday, 8 September",In stock,https://www.amazon.in/Vault-Jazz-Bass-4-String-Guitar/dp/B09ZXGM7C3/ref=sr_1_101?keywords=guitar&qid=1693750419&sr=8-101
Visit the Kadence Store,"Kadence Frontier Semi Acoustic Jumbo Guitar 41"" with Learning Course, Die cast keys with Super Combo (Bag,strap,strings,capo And 3 picks) (Black, Electric Acoustic)",4 out of 5,"1,364 ratings","6,899",Pay on Delivery,"Thursday, 7 September",In stock,https://www.amazon.in/Kadence-Frontier-Acoustic-Guitar-Equalizer/dp/B01HRIHJWY/ref=sr_1_102?keywords=guitar&qid=1693750419&sr=8-102
Brand: SAGA,Saga SF-600C-NAT Dreadnought Cutaway Acoustic Guitar (Natural),4.4 out of 5,79 ratings,"8,235",Pay on Delivery,"Friday, 8 September",In stock,https://www.amazon.in/SF-600C-NAT-Dreadnought-Cutaway-Acoustic-Natural/dp/B0B1HX47XR/ref=sr_1_103?keywords=guitar&qid=1693750419&sr=8-103
Visit the FESTRA Store,"Festra 38C, 38 Inch Acoustic Guitar Kit with Bag, Strap, One Pack Strings And 2 Picks (Acoustic 38C (38 Inch) Guitar Kit, Natural)",3.7 out of 5,36 ratings,"2,328",Pay on Delivery,"Friday, 8 September",In stock,https://www.amazon.in/Festra-38C-Acoustic-Strings-Natural/dp/B09JT6C952/ref=sr_1_104?keywords=guitar&qid=1693750419&sr=8-104
Visit the Kadence Store,Kadence Concert Sized Ukulele 24inch (Built in Equalizer) With Bag and Tuner (Saple Wood With Binding),4.2 out of 5,57 ratings,"3,999",Pay on Delivery,"Thursday, 7 September",In stock,https://www.amazon.in/Kadence-Concert-Ukulele-Equalizer-Binding/dp/B08PNSGQBL/ref=sr_1_105?keywords=guitar&qid=1693750419&sr=8-105
Visit the blueberry Store,"Blueberry 38 Inch D38S Acoustic Guitar Kit Inbuilt Truss Rod, with Bag, Belt, One Pack Strings And Picks (Brown)",3.6 out of 5,44 ratings,"2,999",Pay on Delivery,"Friday, 8 September",In stock,https://www.amazon.in/Blueberry-Acoustic-Guitar-Inbuilt-Strings/dp/B07PHZ16BG/ref=sr_1_106?keywords=guitar&qid=1693750419&sr=8-106
Visit the JUAREZ Store,"JUAREZ Wood Acoustic Guitar, [Left Handed] 96.52 Cm (38 Inch) Cutaway, 38Cl/Tbls With Bag, Strings, Pick And Strap, Blue Sunburst",3.7 out of 5,43 ratings,"2,116",Pay on Delivery,"Thursday, 7 September",In stock,https://www.amazon.in/Acoustic-Cutaway-TBLS-Strings-Sunburst/dp/B098BCCY75/ref=sr_1_97?keywords=guitar&qid=1693750419&sr=8-97
Visit the GIVSON Store,"Givson Venus Special Cutaway Rosewood 41 Inch Acoustic Guitar Kit with Bag, Rhythm String Set, Strap and 5 Plectrums, (Sunburst)",3.1 out of 5,15 ratings,"4,199",7 days Replacement,"Friday, 8 September",In stock,https://www.amazon.in/Givson-Ketostics-SUNBRUST-Acoustic-Plectrums/dp/B08KS4F33Q/ref=sr_1_98?keywords=guitar&qid=1693750419&sr=8-98
Brand: Ibanez,"Ibanez MD39C Cutaway Acoustic Guitar - Sunburst, MD-39CDB (IBA-MD39CSB)",4.3 out of 5,491 ratings,"7,929",Pay on Delivery,"Friday, 8 September",-,https://www.amazon.in/Ibanez-MD39C-NT-Cutaway-Acoustic-MD39CSB/dp/B07KYKTRKX/ref=sr_1_99?keywords=guitar&qid=1693750419&sr=8-99
Brand: Cort,Cort AD810 Dreadnought Acoustic Guitar sunburst,4.1 out of 5,226 ratings,"9,899",Pay on Delivery,"Friday, 8 September",In stock,https://www.amazon.in/Cort-AD810-Dreadnought-Acoustic-Guitar/dp/B07G4CB8FQ/ref=sr_1_100?keywords=guitar&qid=1693750419&sr=8-100
Visit the YAMAHA Store,"Yamaha FS100C Acoustic Guitar, Natural",4.4 out of 5,279 ratings,"9,990",Pay on Delivery,"Friday, 8 September",In stock,https://www.amazon.in/Yamaha-FS100C-Acoustic-Guitars-Natural/dp/B00QKD79QE/ref=sr_1_101?keywords=guitar&qid=1693750419&sr=8-101
Brand: ORANGEWOOD GUITARS,ORANGEWOOD GUITARS Rey-M Grand Auditorium Cutaway Layered Mahogany Top 41 Inches Acoustic Guitar,4.6 out of 5,411 ratings,"15,479",Pay on Delivery,"Thursday, 7 September",-,https://www.amazon.in/Orangewood-Auditorium-Acoustic-Mahogany-Earthwood/dp/B07BN7JMX3/ref=sr_1_102?keywords=guitar&qid=1693750419&sr=8-102
Visit the VAULT Store,Vault RG1 Soloist Premium Electric Guitar - Transparent Black,4.1 out of 5,118 ratings,"10,999",Pay on Delivery,"Friday, 8 September",In stock,https://www.amazon.in/Vault-Soloist-Premium-Electric-Guitar/dp/B09GLZSS95/ref=sr_1_103?keywords=guitar&qid=1693750419&sr=8-103
Visit the YAMAHA Store,Yamaha PACIFICA012 Electric Guitar - Black,4.5 out of 5,305 ratings,"17,490",Pay on Delivery,"Friday, 8 September",-,https://www.amazon.in/Yamaha-Pacifica-PAC012-Electric-Guitar/dp/B00123DQT6/ref=sr_1_104?keywords=guitar&qid=1693750419&sr=8-104
Visit the blueberry Store,"Blueberry 38C, 38"" Acoustic Guitar Kit with Bag, Strap, One Pack Strings And Picks (Redburst)",4 out of 5,10 ratings,"2,450",Pay on Delivery,"Friday, 8 September",In stock,https://www.amazon.in/Blueberry-Acoustic-Guitar-Strings-Redburst/dp/B09N9R525J/ref=sr_1_105?keywords=guitar&qid=1693750419&sr=8-105
Brand: Belear,"Belear I-280-WBL Couturier 38 Inch Blue Cutaway Acoustic Guitar With Dual Action Truss Rod, Bag,Strap String and Picks",3.3 out of 5,4 ratings,"3,049",7 days Replacement,"Tuesday, 12 September",In stock,https://www.amazon.in/Belear-I-280-WBL-Couturier-Cutaway-Acoustic/dp/B0BPSX7WHQ/ref=sr_1_106?keywords=guitar&qid=1693750419&sr=8-106
Brand: Ibanez,Ibanez Electric Guitar series Gio GRG170DX-BKN,4.1 out of 5,191 ratings,"23,339",Pay on Delivery,"Thursday, 7 September",In stock,https://www.amazon.in/Ibanez-GRG170DX-Electric-Guitar-Black/dp/B001EM180O/ref=sr_1_107?keywords=guitar&qid=1693750419&sr=8-107
Visit the YAMAHA Store,YAMAHA FX280 Natural Electro Acoustic Guitar,4.3 out of 5,48 ratings,"11,351",Pay on Delivery,"Thursday, 7 September",In stock,https://www.amazon.in/Yamaha-FX280-acoustic-Dreadnought-Natural/dp/B09HR6BNFQ/ref=sr_1_108?keywords=guitar&qid=1693750419&sr=8-108
Visit the JUAREZ Store,"Juarez Acoustic Lindenwood Guitar, 38 Inches Cutaway With Pick Guard, 38C/RDS With Bag, Strings, Pick And Strap, Red Sunburst",3.9 out of 5,"5,549 ratings","2,649",Pay on Delivery,"Thursday, 7 September",In stock,https://www.amazon.in/Acoustic-Cutaway-RDS-Strings-Sunburst/dp/B076QGY91P/ref=sr_1_109?keywords=guitar&qid=1693750419&sr=8-109
Visit the blueberry Store,"Blueberry 38C, 38"" Acoustic Guitar Kit with Bag, Strap, One Pack Strings And Picks (Natural)",3 out of 5,27 ratings,"2,450",Pay on Delivery,"Friday, 8 September",In stock,https://www.amazon.in/Blueberry-38C-Acoustic-Strings-Natural/dp/B08KLNFL2Y/ref=sr_1_110?keywords=guitar&qid=1693750419&sr=8-110
Visit the Kadence Store,"Medellin 38"" Acoustic Guitar premium wood with adjustable Truss-rod, free online learning course, Set Of Strings, Strap, Bag and 3 Picks",-,-,"2,699",Pay on Delivery,"Thursday, 7 September",In stock,https://www.amazon.in/Medellin-Acoustic-adjustable-Truss-rod-learning/dp/B0BRPZMPYN/ref=sr_1_111?keywords=guitar&qid=1693750419&sr=8-111
Visit the Kadence Store,Kadence Acoustica 34” Acoustic Guitar A03 with bag,3.4 out of 5,46 ratings,"5,899",Pay on Delivery,"Thursday, 7 September",In stock,https://www.amazon.in/Kadence-Acoustica-Acoustic-Guitar-A03/dp/B08WCTFVT9/ref=sr_1_112?keywords=guitar&qid=1693750419&sr=8-112
Brand: KETOSTICS,"Ketostics Givson Venus Super Special Cutaway Rosewood 41 Inch Acoustic Semi Electric Guitar Kit with Bag, Rhythm String Set, Strap and 5 Plectrums, (Black)",3.3 out of 5,3 ratings,"4,499",7 days Replacement,"Friday, 8 September",In stock,https://www.amazon.in/Ketostics-Rosewood-Acoustic-Electric-Plectrums/dp/B09NSXPV1P/ref=sr_1_113?keywords=guitar&qid=1693750419&sr=8-113
Visit the Kadence Store,"Kadence Frontier Series 40 Incheses wood Semi Acoustic Guitar With Die Cast Keys (Bag,Strap,Strings And 3 Picks) (Sunburst)",4 out of 5,82 ratings,"5,499",Pay on Delivery,"Thursday, 7 September",In stock,https://www.amazon.in/Kadence-Frontier-Acoustic-Sunburst-Strings/dp/B07T5DMPZ3/ref=sr_1_114?keywords=guitar&qid=1693750419&sr=8-114
Brand: Cort,Cort AF510M-OP Acoustic Guitar,5 out of 5,1 rating,"9,800",Pay on Delivery,"Thursday, 7 September",-,https://www.amazon.in/Cort-Standard-Acoustic-Concert-Mahogany/dp/B07SD439CV/ref=sr_1_115?keywords=guitar&qid=1693750419&sr=8-115
Brand: Epiphone,"Epiphone DR-100 Acoustic Guitar, Vintage Sunburst",4.5 out of 5,"1,828 ratings","16,249",Pay on Delivery,"Friday, 8 September",-,https://www.amazon.in/Epiphone-DR-100-Acoustic-Vintage-Sunburst/dp/B0002F7IV2/ref=sr_1_116?keywords=guitar&qid=1693750419&sr=8-116
Visit the Henrix Store,"Henrix 38C 38 Inch Left Handed Cutaway Acoustic Guitar with Dual Action Truss Rod, Gigbag, Picks, String Set, Strap, Cloth & Ebook- Natural",3.5 out of 5,66 ratings,"2,849",Pay on Delivery,"Friday, 8 September",In stock,https://www.amazon.in/Henrix-Handed-Cutway-Acoustic-Polishing/dp/B08R3DKYGM/ref=sr_1_117?keywords=guitar&qid=1693750419&sr=8-117
Visit the Kadence Store,"Kadence AstroMan Electric Guitar, 21 FRETS, ROSEWOOD FRETBOARD, H - S - S PICK UPS Sunburst combo with Bag, Guitar strap,guitar cable and Picks",3.9 out of 5,67 ratings,"7,999",Pay on Delivery,"Thursday, 7 September",-,https://www.amazon.in/Kadence-Electric-Guitar-Rosewood-Fretboard/dp/B07BGXN7P6/ref=sr_1_118?keywords=guitar&qid=1693750419&sr=8-118
Brand: Martin Smith,Martin Smith W-101-SB-PK Acoustic Guitar Super Kit with Stand (Sun Burst),4.1 out of 5,372 ratings,"5,339",Pay on Delivery,"Thursday, 7 September",In stock,https://www.amazon.in/Martin-Smith-W-101-SB-PK-Acoustic-Guitar/dp/B019MY0ZGI/ref=sr_1_119?keywords=guitar&qid=1693750419&sr=8-119
Visit the blueberry Store,"Blueberry, VIP-301, 30Inch Acoustic Guitar Kit With Bag, Belt, String Sets And 2 Picks Natural",-,-,"3,290",Pay on Delivery,"Friday, 8 September",In stock,https://www.amazon.in/Blueberry-VIP-301-30Inch-Acoustic-Natural/dp/B0BVVFNXMD/ref=sr_1_120?keywords=guitar&qid=1693750419&sr=8-120
Visit the JUAREZ Store,"JUAREZ Fiésta 41 Inch Acoustic Guitar Cutaway with Dual Action Truss Rod, 21 Frets Rosewood Fretboard & Bridge, Padded 5mm Cotton Bag, Cotton Strap, 2 Picks, Allen Key, Extra String Set, Black",4 out of 5,88 ratings,"4,009",Pay on Delivery,"Thursday, 7 September",-,https://www.amazon.in/JUAREZ-Acoustic-Cutaway-Rosewood-Fretboard/dp/B08GZZ6SQ2/ref=sr_1_121?keywords=guitar&qid=1693750419&sr=8-121
Brand: Fender,Fender Acoustic Guitar Dreadnought Cutaway Electronics FA-125CE Natural Right-Hand 0971113221 One of The Most reputed Guitar Brands in the World,4.6 out of 5,171 ratings,"18,659",Pay on Delivery,"Thursday, 7 September",In stock,https://www.amazon.in/Fender-FA-125CE-Dreadnought-Fingerboard-Natural/dp/B07R16NMKH/ref=sr_1_122?keywords=guitar&qid=1693750419&sr=8-122
Brand: Ibanez,"Ibanez MD39C-NT Rose Wood Acoustic Guitar (Natural), Designed in Japan and Made Specially for India",4.3 out of 5,491 ratings,"7,249",Pay on Delivery,"Thursday, 7 September",In stock,https://www.amazon.in/Ibanez-IBA-MD39CNT-Acoustic-Guitar-MD39C-NT/dp/B07G4CCMYL/ref=sr_1_123?keywords=guitar&qid=1693750419&sr=8-123
Visit the Kadence Store,"Kadence Acoustica Series, Semi Acoustic Guitar Spruce Top",4.5 out of 5,7 ratings,"7,199",Pay on Delivery,"Thursday, 7 September",In stock,https://www.amazon.in/Kadence-Acoustica-Acoustic-Guitar-Spruce/dp/B08L7XW5SR/ref=sr_1_124?keywords=guitar&qid=1693750419&sr=8-124
Visit the Kadence Store,Kadence A281BK Professional Acoustic Rosewood Guitar (Black),-,-,"6,599",Pay on Delivery,"Thursday, 7 September",In stock,https://www.amazon.in/Kadence-A281BK-Professional-Acoustic-Rosewood/dp/B0CD7D6C6R/ref=sr_1_125?keywords=guitar&qid=1693750419&sr=8-125
Visit the Kadence Store,Kadence Acoustica Series Semi Acoustic Ash Wood with Equlizer A-06 (Guitar Super Combo with Accessories),3.8 out of 5,"1,343 ratings","8,499",Pay on Delivery,"Thursday, 7 September",In stock,https://www.amazon.in/Kadence-Acoustica-Acoustic-Equlizer-Accessories/dp/B09BVH7BMJ/ref=sr_1_126?keywords=guitar&qid=1693750419&sr=8-126
Visit the Kadence Store,"Kadence, Chronicle Series Electric Bass Guitar, Black Ash Wood with P-J Pickup, 2 Tone and 2 Volume Control",4.3 out of 5,5 ratings,"12,999",Pay on Delivery,"Thursday, 7 September",In stock,https://www.amazon.in/Kadence-Chronicle-Electric-Guitar-Control/dp/B071Y4NM7V/ref=sr_1_127?keywords=guitar&qid=1693750419&sr=8-127
Visit the JUAREZ Store,"Juarez Arpéggio 104.14 cm (41 Inch) Semi-Acoustic Guitar Kit, Thin Line Body, Spruce Top, with 4 Band EQ, High Gloss Black",4.2 out of 5,28 ratings,"6,659",Pay on Delivery,"Thursday, 7 September",In stock,https://www.amazon.in/Juarez-Arp%C3%A9ggio-Semi-Acoustic-Guitar-Spruce/dp/B08KHR4BJZ/ref=sr_1_128?keywords=guitar&qid=1693750419&sr=8-128
Brand: Ibanez,Ibanez RG Gio Series GRGR221PA Electric Guitar- Aqua Burst,4.6 out of 5,139 ratings,"29,795",Pay on Delivery,"Friday, 8 September",-,https://www.amazon.in/Ibanez-GRGR221PA-Electric-Guitar-Burst/dp/B08SHLHBGT/ref=sr_1_129?keywords=guitar&qid=1693750419&sr=8-129
Visit the GIVSON Store,"Givson Venus Special Cutaway Rosewood 41 Inch Acoustic Guitar Kit With Cover/Bag, String Set, Strap and 5 Plectrums (BLACK)",3.6 out of 5,35 ratings,"4,299",7 days Replacement,"Friday, 8 September",In stock,https://www.amazon.in/Givson-Ketostics-Guitar-Acoustic-Plectrums/dp/B08KS5MRSC/ref=sr_1_130?keywords=guitar&qid=1693750419&sr=8-130
Visit the YAMAHA Store,Yamaha FX280 Tobacco Brown Sunburst Electro Acoustic Guitar,3.9 out of 5,34 ratings,"10,999",Pay on Delivery,"Friday, 8 September",-,https://www.amazon.in/FX280-acoustic-Dreadnought-Tobacco-Sunburst/dp/B09HR7BXGW/ref=sr_1_131?keywords=guitar&qid=1693750419&sr=8-131
Brand: Ibanez,"Ibanez GA5TCE - AM, 6 -Strings Acoustic Guitar, Right-Handed, Amber High Gloss, Rosewood Fretboard",4.7 out of 5,6 ratings,"22,572",Pay on Delivery,"Friday, 8 September",-,https://www.amazon.in/Ibanez-GA5TCE-Strings-Right-Handed-Fretboard/dp/B00LJV9OAQ/ref=sr_1_132?keywords=guitar&qid=1693750419&sr=8-132
Visit the YAMAHA Store,Yamaha FSX80C Semi acoustic cutaway guitar (Black),4 out of 5,34 ratings,"12,153",Pay on Delivery,"Saturday, 9 September",In stock,https://www.amazon.in/Yamaha-FSX80C-Acoustic-Cutaway-Guitar/dp/B09HL5WFDX/ref=sr_1_133?keywords=guitar&qid=1693750419&sr=8-133
Brand: Martin Smith,Martin Smith W-101-BK-PK Acoustic Guitar Super Kit with Stand (Black),3.8 out of 5,168 ratings,"5,349",Pay on Delivery,"Thursday, 7 September",In stock,https://www.amazon.in/Martin-Smith-W-101-BK-PK-Acoustic-Guitar/dp/B019MY0YE6/ref=sr_1_134?keywords=guitar&qid=1693750419&sr=8-134
Visit the Intern Store,"INTERN 41 inches Cutaway Shape Acoustic Guitar with truss rod. Includes plectrums. Premium Wooden durable built, Best tonal s",3.5 out of 5,9 ratings,"3,290",Pay on Delivery,"Thursday, 7 September",In stock,https://www.amazon.in/Acoustic-plectrums-stability-resistance-Electric/dp/B09YH937P2/ref=sr_1_135?keywords=guitar&qid=1693750419&sr=8-135
Visit the Fender Store,"Fender SA105CE Electric Acoustic Guitar With Mexa Bag, Belt & Plectrums, String Set Combo Pack.",4.5 out of 5,4 ratings,"12,829",Pay on Delivery,"Friday, 8 September",In stock,https://www.amazon.in/Fender-SA105CE-Electric-Acoustic-Plectrums/dp/B08P7R44YM/ref=sr_1_136?keywords=guitar&qid=1693750419&sr=8-136
Brand: NM Signature,"Signature NM Blue Rosewood Fretboard Acoustic Guitar With Bag,Strap,1 Set of Extra Strings and 2 Picks V2",-,-,"3,990",Pay on Delivery,"Wednesday, 13 September",-,https://www.amazon.in/Signature-NM-Rosewood-Fretboard-Acoustic/dp/B0C7P4LHXH/ref=sr_1_137?keywords=guitar&qid=1693750419&sr=8-137
Visit the VAULT Store,Vault LP1 Les Paul Style Electric Guitar - Tobacco Sunburst,3.9 out of 5,42 ratings,"11,199",Pay on Delivery,"Friday, 8 September",In stock,https://www.amazon.in/Vault-LP1MN-Style-Electric-Guitar/dp/B06VVSDM5K/ref=sr_1_138?keywords=guitar&qid=1693750419&sr=8-138
